<?xml version="1.0" encoding="UTF-8"?>
<!DOCTYPE mapper
PUBLIC "-//mybatis.org//DTD Mapper 3.0//EN"
"http://mybatis.org/dtd/mybatis-3-mapper.dtd">
<mapper namespace="com.dao.AboutDAO">
    <resultMap type="com.entity.About" id="BaseResultMap">
      <id column="id" property="id" jdbcType="INTEGER"/>
      <result column="content" property="content" jdbcType="VARCHAR"/>
    </resultMap>
    
    
    <select id="findById" parameterType="int" resultType="About">
      select * from about where id=1
    </select>
    
    <update id="update" parameterType="About">
      update about set content=#{content} where id=#{id}    
    </update>
    
	
</mapper>

