<?xml version="1.0" encoding="UTF-8"?>
<!DOCTYPE mapper
PUBLIC "-//mybatis.org//DTD Mapper 3.0//EN"
"http://mybatis.org/dtd/mybatis-3-mapper.dtd">
<mapper namespace="com.dao.AddressDAO">
    <resultMap type="com.entity.Address" id="BaseResultMap">
      <id column="id" property="id" jdbcType="INTEGER"/>
      <result column="memberid" property="memberid" jdbcType="INTEGER"/>
      <result column="name" property="name" jdbcType="VARCHAR"/>
      <result column="tel" property="tel" jdbcType="VARCHAR"/>
      <result column="addr" property="addr" jdbcType="VARCHAR"/>
      <result column="delstatus" property="delstatus" jdbcType="VARCHAR"/>
    </resultMap>
    
    <select id="selectAll" parameterType="Int" resultMap="BaseResultMap">
      select * from address where memberid=#{memberid} and delstatus=0
    </select>
    
    <insert id="add" parameterType="Address">
      insert into address values(null,#{memberid},#{name},#{tel},#{addr},#{delstatus})
    </insert>
    
    <update id="delete" parameterType="Int">
      update address set delstatus='1' where id=#{id}
    </update>
    
    <select id="findbyid" parameterType="Int" resultType="Address">
      select * from address where id=#{id}
    </select>
    
    
	
</mapper>

