<?xml version="1.0" encoding="UTF-8"?>
<!DOCTYPE mapper
PUBLIC "-//mybatis.org//DTD Mapper 3.0//EN"
"http://mybatis.org/dtd/mybatis-3-mapper.dtd">
<mapper namespace="com.dao.InventoryDAO">
    <resultMap type="com.entity.Inventory" id="BaseResultMap">
      <id column="id" property="id" jdbcType="INTEGER"/>
      <result column="productid" property="productid" jdbcType="VARCHAR"/>
      <result column="type" property="type" jdbcType="VARCHAR"/>
      <result column="num" property="num" jdbcType="INTEGER"/>
    </resultMap>
    
    <select id="selectInventory"  resultMap="BaseResultMap">
      select * from inventory where productid  = #{0}
    </select>
    
    <insert id="add" parameterType="Inventory">
      insert into inventory values(null,#{productid},#{type},#{num})
    </insert>
	
</mapper>

