<?xml version="1.0" encoding="UTF-8"?>
<!DOCTYPE mapper
PUBLIC "-//mybatis.org//DTD Mapper 3.0//EN"
"http://mybatis.org/dtd/mybatis-3-mapper.dtd">
<mapper namespace="com.dao.ProductDAO">
    
    <resultMap type="com.entity.Product" id="BaseResultMap">
      <id column="id" property="id" jdbcType="INTEGER"/>
      <result column="productname" property="productname" jdbcType="VARCHAR"/>
      <result column="filename" property="filename" jdbcType="VARCHAR"/>
      <result column="oldprice" property="oldprice" jdbcType="DOUBLE"/>
      <result column="price" property="price" jdbcType="DOUBLE"/>
      <result column="memberid" property="memberid" jdbcType="INTEGER"/>
      <result column="fid" property="fid" jdbcType="INTEGER"/>
      <result column="cid" property="cid" jdbcType="INTEGER"/>
      <result column="mid" property="mid" jdbcType="INTEGER"/>
      <result column="content" property="content" jdbcType="VARCHAR"/>
      <result column="delstatus" property="delstatus" jdbcType="VARCHAR"/>
      <result column="issj" property="issj" jdbcType="VARCHAR"/>
      <result column="savetime" property="savetime" jdbcType="VARCHAR"/>
      <result column="looknum" property="looknum" jdbcType="INTEGER"/>
      <result column="shstatus" property="shstatus" jdbcType="VARCHAR"/>
    </resultMap>
    
    <select id="selectAll" parameterType="HashMap" resultMap="BaseResultMap">
      select * from product where 1=1 and delstatus=0  
      <if test="fid!=null">
        and fid like "%"#{fid}"%"
      </if>
      <if test="productname!=null">
        and productname like "%"#{productname}"%"
      </if> 
      <if test="fid!=null">
        and fid like "%"#{fid}"%"
      </if>
      <if test="cid!=null">
        and cid like "%"#{cid}"%"
      </if>
      <if test="mid!=null">
        and mid like "%"#{mid}"%"
      </if> 
      <choose>
        <when test="ph!=null and ph=='vote'.toString()">
         order by vote desc
        </when>
        <when test="ph!=null and ph=='price'.toString()">
        order by price desc
        </when>
        <otherwise>
        order by id desc
        </otherwise>
      </choose>
      
    </select>
    
    <select id="selectMemberProduct" parameterType="HashMap" resultMap="BaseResultMap">
      select * from product where 1=1 and delstatus=0 and memberid = #{memberid} 
      <if test="productname!=null">
        and productname like "%"#{productname}"%"
      </if> 
      <if test="fid!=null">
        and fid like "%"#{fid}"%"
      </if>
      <if test="cid!=null">
        and cid like "%"#{cid}"%"
      </if>
      <if test="mid!=null">
        and mid like "%"#{mid}"%"
      </if> 
      order by id desc
    </select>
    
    <select id="selectIssjAll" resultMap="BaseResultMap">
      select * from product where 1=1 and delstatus=0 and issj='yes' and shstatus='通过审核'  order by id desc
    </select>
    
    
    <insert id="add" parameterType="Product">
      insert into product values(null,#{productname},#{filename},#{oldprice},#{price},#{memberid},#{fid},#{cid},#{mid},#{content},0,0,'yes',#{savetime},#{looknum},#{shstatus})
    </insert>
    
    <select id="findById" parameterType="int" resultType="Product">
      select * from product where id=#{id}
    </select>
    
    <update id="update" parameterType="Product">
      update product 
      <set>
        <if test="productname!=null">
          productname=#{productname},
        </if>
        <if test="filename!=null">
          filename=#{filename},
        </if>
        <if test="oldprice!=null">
          oldprice=#{oldprice},
        </if>
        <if test="price!=null">
          price=#{price},
        </if>
        <if test="fid!=null">
          fid=#{fid},
        </if>
        <if test="cid!=null">
          cid=#{cid},
        </if>
        <if test="mid!=null">
          mid=#{mid},
        </if>
        <if test="shstatus!=null">
          shstatus=#{shstatus},
        </if>
        <if test="content!=null">
          content=#{content}
        </if>
      </set>
      where id=#{id}
    </update>
    
    <update id="delete" parameterType="int">
      update product set delstatus=1 where id=#{id}
    </update>
    
    <select id="search" parameterType="String" resultMap="BaseResultMap">
      select * from product where 1=1
      <if test="#{0}!=null">
        and productname like "%"#{0}"%"
      </if>
      <if test="#{1}!=null">
        and categoryid like "%"#{1}"%"
      </if>
    </select>
    
    <select id="selectCorrelation"  resultMap="BaseResultMap">
      select * from product where id!=#{0} and delstatus=0 and fid=#{1}
    </select>
    
    <select id="selectCategory"  resultMap="BaseResultMap">
      select * from product where delstatus=0 and issj='yes' and shstatus='通过审核'
      <if test="fid!=null and fid !=''">
         and fid=#{fid}
      </if>
      <if test="cid!=null and cid !=''">
         and cid=#{cid}
      </if>
      <if test="mid!=null and mid !=''">
         and mid=#{mid}
      </if>
      order by id desc
    </select>
    
    <select id="selectProductname" parameterType="String"  resultMap="BaseResultMap">
      select * from product where delstatus=0 and productname like "%"#{productname}"%" and shstatus='通过审核'
    </select>
    
    <update id="updateVote" parameterType="Product">
      update product set vote=vote+1 where id=#{id}
    </update>
    
    <select id="selectVote" resultMap="BaseResultMap">
      select * from product where 1=1 and vote>0 order by vote desc
    </select>
    
    <update id="updateStatus" parameterType="Product">
      update product set issj=#{issj} where id=#{id}
    </update>
    
    <select id="selectProductAll" parameterType="HashMap" resultMap="BaseResultMap">
    select * from product where 1=1 and delstatus=0 and sellerid = #{sellerid}
    <if test="key!=null">
    and <![CDATA[ price >=#{key} ]]>
    </if>
    <if test="key!=null">
    and <![CDATA[ price <=#{key1} ]]>
    </if>
     order by id desc
    </select>
    
</mapper>

