<?xml version="1.0" encoding="UTF-8"?>
<!DOCTYPE mapper
PUBLIC "-//mybatis.org//DTD Mapper 3.0//EN"
"http://mybatis.org/dtd/mybatis-3-mapper.dtd">
<mapper namespace="com.dao.VoteDAO">
    <resultMap type="com.entity.Vote" id="BaseResultMap">
      <id column="id" property="id" jdbcType="INTEGER"/>
      <result column="memberid" property="memberid" jdbcType="INTEGER"/>
      <result column="productid" property="productid" jdbcType="INTEGER"/>
    </resultMap>
    
    <select id="selectOne" parameterType="HashMap" resultMap="BaseResultMap">
      select * from vote where memberid=#{memberid} and productid=#{productid}
    </select>
    
    <insert id="add" parameterType="Vote">
      insert into vote values(null,#{memberid},#{productid})
    </insert>
	
</mapper>

